<?xml version="1.0" encoding="UTF-8"?>
<!DOCTYPE mapper PUBLIC "-//mybatis.org//DTD Mapper 3.0//EN" 
"http://mybatis.org/dtd/mybatis-3-mapper.dtd">

<mapper namespace="mybatis.IbMapper">
	<select id="getImageList" parameterType="hashmap"  
	        resultType="com.ib.dto.IbDTO">
	    <![CDATA[
		SELECT PETID,CLASSIFY1, CLASSIFY1,DOGKORTYPE, DOGENGTYPE,
		       GENDER, AGE,PRICE,JUSA, PIC, HEART
		FROM (SELECT ROWNUM RN, AA.*
		      FROM (SELECT * FROM PET ORDER BY PETID DESC) AA)
		WHERE RN >= #{startNum} AND RN <= #{endNum}
	    ]]>
	</select>
	 
	<insert id="imageBoardInsert" parameterType="com.ib.dto.IbDTO">
		<![CDATA[
		INSERT INTO PET 
		VALUES(SEQ_PETID.NEXTVAL,#{classify1},#{classify2},#{dogkortype},#{dogengtype},
		#{gender},#{age},#{price},#{jusa},#{pic})
				
		]]>
	</insert>
	
   	<select id="getDog" parameterType="java.lang.Integer" resultType="IbDTO">
		<![CDATA[
			SELECT * FROM PET WHERE PETID=#{petid}
		]]>
	</select>
	
	<delete id="dogDelete" parameterType="java.lang.Integer">
		<![CDATA[
			DELETE PET WHERE PETID=#{petid}
		]]>
	</delete>
	
	<update id="dogUpdate" parameterType="IbDTO">
		<![CDATA[
			UPDATE PET 
			SET DOGKORTYPE=#{dogkortype},DOGENGTYPE=#{dogengtype},AGE=#{age},GENDER=#{gender},PRICE=#{price}, JUSA=#{jusa},PIC=#{pic}
			WHERE petid=#{petid}
		]]>
	</update>
	
	<update id="heartUpdate" parameterType="IbDTO">
		<![CDATA[
			UPDATE PET 
			SET HEART=#{heart}
			WHERE petid=#{petid}
		]]>
	</update>
</mapper>













