<?xml version="1.0" encoding="UTF-8"?>
<!DOCTYPE mapper PUBLIC "-//mybatis.org//DTD Mapper 3.0//EN" 
"http://mybatis.org/dtd/mybatis-3-mapper.dtd">

<mapper namespace="mybatis.LoginMapper">
	<select id="getLoginUser" parameterType="LoginDTO" resultType="LoginDTO">
		<![CDATA[
			SELECT * 
			FROM TEST1 WHERE ID=#{id} AND PW=#{pw} 
		]]>
	</select>
	<select id="signUp" parameterType="LoginDTO" >
		<![CDATA[
		INSERT INTO TEST1(ID,PW,REPW,NAME,NICK,BIRTH) 
		VALUES (#{id},#{pw},#{repw},#{name},#{nick},#{birth})
	]]>
	</select>
	
	<select id="getMember" resultType="LoginDTO">
		<![CDATA[
			SELECT *
			FROM TEST1
		]]>
	</select>
	
	<select id="getLoginData" parameterType="java.lang.String" resultType="LoginDTO">
		<![CDATA[
			SELECT *
			FROM TEST1
			WHERE ID =#{id} 
		]]>
	</select>
	
	<update id="loginmodify" parameterType="LoginDTO">
		<![CDATA[
			UPDATE TEST1
			SET PW=#{pw},REPW=#{repw},NICK=#{nick},BIRTH=#{birth},NAME=#{name}
			WHERE id=#{id} 
		]]>
	</update>
	
	<delete id="memberDelete" parameterType="java.lang.String">
		<![CDATA[
			DELETE TEST1 WHERE ID=#{id}
		]]>
	</delete>
</mapper>